{
    "status": "success",
    "message": "",
    "data": [
        {
            "_id": "62ac21aef8d3c4ed96e08d05",
            "date": "22/12/2022",
            "slot": "10 am - 11 am",
            "approval_status": "PENDING",
            "price":450.50,
            "auto_spare_select":true,
            "packages":[
                {
                    "_id":"1",
                    "title":"Car Wash Platinum",
                    "image": "assets/images/img_service_5.png",
                    "price":120.32,
                    "bg_card_color": "#00BDFE",
                    "services":[
                        {
                            "_id": "isdksdjfj12k23nnkf",
                            "title": "Indoor Perfumery",
                            "sub_title": "In publishing and graphic design of car wash",
                            "description": "In publishing and graphic design of car wash",
                            "image": "assets/images/img_service_4.png",
                            "bg_card_color": "#FF3868",
                            "branch": [
                                {
                                    "_id": "1",
                                    "name": "Al Dana Station 1",
                                    "location": "Ras Al Khaimah",
                                    "latitude": 8.5908657,
                                    "longitude": 76.8505975,
                                    "image": "assets/images/img_branch_1.png",
                                    "rating": 4.3,
                                    "distance": "6 Km"
                                },
                                {
                                    "_id": "2",
                                    "name": "Al Dana Station 2",
                                    "location": "Ras Al Khaimah",
                                    "latitude": 8.5714731,
                                    "longitude": 76.8979696,
                                    "image": "assets/images/img_branch_1.png",
                                    "rating": 4.2,
                                    "distance": "8 Km"
                                },
                                {
                                    "_id": "3",
                                    "name": "Al Dana Station 3",
                                    "location": "Ras Al Khaimah",
                                    "latitude": 8.5678277,
                                    "longitude": 76.8929361,
                                    "image": "assets/images/img_branch_1.png",
                                    "rating": 4.1,
                                    "distance": "12 Km"
                                }
                            ],
                            "price": 183.23,
                            "works": [
                                {
                                    "_id": "1",
                                    "title": "washing",
                                    "sub_title": "string",
                                    "description": "string",
                                    "price": 123.3,
                                    "is_item_change": true,
                                    "categoy_id": "string"
                                },
                                {
                                    "_id": "2",
                                    "title": "soaping",
                                    "sub_title": "string",
                                    "description": "string",
                                    "price": 123.3,
                                    "is_item_change": true,
                                    "categoy_id": "string"
                                },
                                {
                                    "_id": "3",
                                    "title": "washing after soaping",
                                    "sub_title": "string",
                                    "description": "string",
                                    "price": 123.3,
                                    "is_item_change": true,
                                    "categoy_id": "string"
                                },
                                {
                                    "_id": "4",
                                    "title": "draining",
                                    "sub_title": "string",
                                    "description": "string",
                                    "price": 123.3,
                                    "is_item_change": true,
                                    "categoy_id": "string"
                                }
                            ]
                        },
                        {
                            "_id": "isdksdjfj12k23nnkf",
                            "title": "Interior & Exterior Washing",
                            "sub_title": "In publishing and graphic design of car wash",
                            "description": "In publishing and graphic design of car wash",
                            "image": "assets/images/img_service_4.png",
                            "bg_card_color": "#FFC643",
                            "branch": [
                                {
                                    "_id": "1",
                                    "name": "Al Dana Station 1",
                                    "location": "Ras Al Khaimah",
                                    "latitude": 8.5908657,
                                    "longitude": 76.8505975,
                                    "image": "assets/images/img_branch_1.png",
                                    "rating": 4.3,
                                    "distance": "6 Km"
                                },
                                {
                                    "_id": "2",
                                    "name": "Al Dana Station 2",
                                    "location": "Ras Al Khaimah",
                                    "latitude": 8.5714731,
                                    "longitude": 76.8979696,
                                    "image": "assets/images/img_branch_1.png",
                                    "rating": 4.2,
                                    "distance": "8 Km"
                                },
                                {
                                    "_id": "3",
                                    "name": "Al Dana Station 3",
                                    "location": "Ras Al Khaimah",
                                    "latitude": 8.5678277,
                                    "longitude": 76.8929361,
                                    "image": "assets/images/img_branch_1.png",
                                    "rating": 4.1,
                                    "distance": "12 Km"
                                }
                            ],
                            "price": 183.23,
                            "works": [
                                {
                                    "_id": "1",
                                    "title": "washing",
                                    "sub_title": "string",
                                    "description": "string",
                                    "price": 123.3,
                                    "is_item_change": true,
                                    "categoy_id": "string"
                                },
                                {
                                    "_id": "2",
                                    "title": "soaping",
                                    "sub_title": "string",
                                    "description": "string",
                                    "price": 123.3,
                                    "is_item_change": true,
                                    "categoy_id": "string"
                                },
                                {
                                    "_id": "3",
                                    "title": "washing after soaping",
                                    "sub_title": "string",
                                    "description": "string",
                                    "price": 123.3,
                                    "is_item_change": true,
                                    "categoy_id": "string"
                                },
                                {
                                    "_id": "4",
                                    "title": "draining",
                                    "sub_title": "string",
                                    "description": "string",
                                    "price": 123.3,
                                    "is_item_change": true,
                                    "categoy_id": "string"
                                }
                            ]
                        },
                        {
                            "_id": "isdksdjfj12k23nnkf",
                            "title": "Polishing the Tyre",
                            "sub_title": "In publishing and graphic design of car wash",
                            "description": "In publishing and graphic design of car wash",
                            "image": "assets/images/img_service_4.png",
                            "bg_card_color":"#06D39E",
                            "branch": [
                                {
                                    "_id": "1",
                                    "name": "Al Dana Station 1",
                                    "location": "Ras Al Khaimah",
                                    "latitude": 8.5908657,
                                    "longitude": 76.8505975,
                                    "image": "assets/images/img_branch_1.png",
                                    "rating": 4.3,
                                    "distance": "6 Km"
                                },
                                {
                                    "_id": "2",
                                    "name": "Al Dana Station 2",
                                    "location": "Ras Al Khaimah",
                                    "latitude": 8.5714731,
                                    "longitude": 76.8979696,
                                    "image": "assets/images/img_branch_1.png",
                                    "rating": 4.2,
                                    "distance": "8 Km"
                                },
                                {
                                    "_id": "3",
                                    "name": "Al Dana Station 3",
                                    "location": "Ras Al Khaimah",
                                    "latitude": 8.5678277,
                                    "longitude": 76.8929361,
                                    "image": "assets/images/img_branch_1.png",
                                    "rating": 4.1,
                                    "distance": "12 Km"
                                }
                            ],
                            "price": 183.23,
                            "works": [
                                {
                                    "_id": "1",
                                    "title": "washing",
                                    "sub_title": "string",
                                    "description": "string",
                                    "price": 123.3,
                                    "is_item_change": true,
                                    "categoy_id": "string"
                                },
                                {
                                    "_id": "2",
                                    "title": "soaping",
                                    "sub_title": "string",
                                    "description": "string",
                                    "price": 123.3,
                                    "is_item_change": true,
                                    "categoy_id": "string"
                                },
                                {
                                    "_id": "3",
                                    "title": "washing after soaping",
                                    "sub_title": "string",
                                    "description": "string",
                                    "price": 123.3,
                                    "is_item_change": true,
                                    "categoy_id": "string"
                                },
                                {
                                    "_id": "4",
                                    "title": "draining",
                                    "sub_title": "string",
                                    "description": "string",
                                    "price": 123.3,
                                    "is_item_change": true,
                                    "categoy_id": "string"
                                }
                            ]
                        },
                        {
                            "_id": "isdksdjfj12k23nnkf",
                            "title": "Doorstep car wash",
                            "sub_title": "In publishing and graphic design of car wash",
                            "description": "In publishing and graphic design of car wash",
                            "image": "assets/images/img_service_4.png",
                            "bg_card_color":"#118AB2",
                            "branch": [
                                {
                                    "_id": "1",
                                    "name": "Al Dana Station 1",
                                    "location": "Ras Al Khaimah",
                                    "latitude": 8.5908657,
                                    "longitude": 76.8505975,
                                    "image": "assets/images/img_branch_1.png",
                                    "rating": 4.3,
                                    "distance": "6 Km"
                                },
                                {
                                    "_id": "2",
                                    "name": "Al Dana Station 2",
                                    "location": "Ras Al Khaimah",
                                    "latitude": 8.5714731,
                                    "longitude": 76.8979696,
                                    "image": "assets/images/img_branch_1.png",
                                    "rating": 4.2,
                                    "distance": "8 Km"
                                },
                                {
                                    "_id": "3",
                                    "name": "Al Dana Station 3",
                                    "location": "Ras Al Khaimah",
                                    "latitude": 8.5678277,
                                    "longitude": 76.8929361,
                                    "image": "assets/images/img_branch_1.png",
                                    "rating": 4.1,
                                    "distance": "12 Km"
                                }
                            ],
                            "price": 183.23,
                            "works": [
                                {
                                    "_id": "1",
                                    "title": "washing",
                                    "sub_title": "string",
                                    "description": "string",
                                    "price": 123.3,
                                    "is_item_change": true,
                                    "categoy_id": "string"
                                },
                                {
                                    "_id": "2",
                                    "title": "soaping",
                                    "sub_title": "string",
                                    "description": "string",
                                    "price": 123.3,
                                    "is_item_change": true,
                                    "categoy_id": "string"
                                },
                                {
                                    "_id": "3",
                                    "title": "washing after soaping",
                                    "sub_title": "string",
                                    "description": "string",
                                    "price": 123.3,
                                    "is_item_change": true,
                                    "categoy_id": "string"
                                },
                                {
                                    "_id": "4",
                                    "title": "draining",
                                    "sub_title": "string",
                                    "description": "string",
                                    "price": 123.3,
                                    "is_item_change": true,
                                    "categoy_id": "string"
                                }
                            ]
                        }
                      
                    ]
                   }
            ],
            "services": [
                {
                    "_id": "1",
                    "title": "Manual Car Wash",
                    "sub_title": "In publishing and graphic design of car wash",
                    "description": "In publishing and graphic design of car wash",
                    "image": "assets/images/img_service_4.png",
                    "bg_card_color": "#FF3868",
                    "branch": [
                        {
                            "_id": "1",
                            "name": "Al Dana Station 1",
                            "location": "Ras Al Khaimah",
                            "latitude": 8.5908657,
                            "longitude": 76.8505975,
                            "image": "assets/images/img_branch_1.png",
                            "rating": 4.3,
                            "distance": "6 Km"
                        },
                        {
                            "_id": "2",
                            "name": "Al Dana Station 2",
                            "location": "Ras Al Khaimah",
                            "latitude": 8.5714731,
                            "longitude": 76.8979696,
                            "image": "assets/images/img_branch_1.png",
                            "rating": 4.2,
                            "distance": "8 Km"
                        },
                        {
                            "_id": "3",
                            "name": "Al Dana Station 3",
                            "location": "Ras Al Khaimah",
                            "latitude": 8.5678277,
                            "longitude": 76.8929361,
                            "image": "assets/images/img_branch_1.png",
                            "rating": 4.1,
                            "distance": "12 Km"
                        }
                    ],
                    "price": 183.23,
                    "works": [
                        {
                            "_id": "1",
                            "title": "washing",
                            "sub_title": "string",
                            "description": "string",
                            "price": 123.3,
                            "is_item_change": true,
                            "categoy_id": "string"
                        },
                        {
                            "_id": "2",
                            "title": "soaping",
                            "sub_title": "string",
                            "description": "string",
                            "price": 123.3,
                            "is_item_change": true,
                            "categoy_id": "string"
                        },
                        {
                            "_id": "3",
                            "title": "washing after soaping",
                            "sub_title": "string",
                            "description": "string",
                            "price": 123.3,
                            "is_item_change": true,
                            "categoy_id": "string"
                        },
                        {
                            "_id": "4",
                            "title": "draining",
                            "sub_title": "string",
                            "description": "string",
                            "price": 123.3,
                            "is_item_change": true,
                            "categoy_id": "string"
                        }
                    ]
                }
            ],
            "spares": [
                {
                    "_id": "1",
                    "category_id": "",
                    "name": "string",
                    "price": 123.4,
                    "image": "string"
                }
            ],
            "vehicle": {
                "_id": "1",
                "brand": {
                    "_id": "1",
                    "name": "Abarth",
                    "image": "assets/images/img_brand_1.png"
                },
                "variant": {
                    "_id": "string",
                    "name": "Model X"
                },
                "year": {
                    "_id": "6",
                    "name": "2015"
                },
                "color": {
                    "_id": "8",
                    "name": "Blue",
                    "code": "#3C8AFF"
                },
                "plate_code": "string",
                "plate_number": "string",
                "image": "assets/images/img_brand_1.png"
            },
            "branch": {
                "_id": "1",
                "name": "Al Dana Station",
                "location": "Ras Al Khaimah",
                "latitude": 8.5908657,
                "longitude": 76.8505975,
                "image": "assets/images/img_branch_1.png",
                "rating": 4.3,
                "distance": "6 Km"
            },
            "mode":{
                "_id": "1",
                "title": "DOORSTEP",
                "description": "In publishing and graphic design of car wash",
                "bg_card_color": "#FF3868"
            }
           
        }
    ]
}