{
    "status": "success",
    "message": "",
    "data": [
        {
            "_id": "1",
            "name": "Blue",
            "code": "#424C9C"
        },
        {
            "_id": "2",
            "name": "Black",
            "code": "#292525"
        },
        {
            "_id": "3",
            "name": "White",
            "code": "#FFFFFF"
        },
        {
            "_id": "4",
            "name": "Yellow",
            "code": "#FDC911"
        },
        {
            "_id": "5",
            "name": "Red",
            "code": "#AE1E3A"
        },
        {
            "_id": "6",
            "name": "Green",
            "code": "#1F6543"
        },
        {
            "_id": "7",
            "name": "Pink",
            "code": "#A72973"
        },
        {
            "_id": "8",
            "name": "Blue",
            "code": "#3C8AFF"
        },
        {
            "_id": "9",
            "name": "Rose",
            "code": "#FF0031"
        },
        {
            "_id": "10",
            "name": "Green",
            "code": "#037C68"
        }

    ]
}