{
    "status": "success",
    "message": "",
    "data": [
        {
            "_id": "65017ea5b03342e7f8929b9f",
            "minimumDistance": "6",
            "amount": "10",
            "serviceModeId": {
                "_id": "64aead176a835547c5db68c8",
                "title": "DOORSTEP",
                "description": "in publishing",
                "bg_card_color": "#ff3868",
                "status": true,
                "needAddress": true,
                "price": 100,
                "deletable": false,
                "__v": 0
            },
            "deletable": false,
            "createdAt": "2023-09-13T09:19:33.656Z",
            "updatedAt": "2023-09-13T09:19:33.656Z",
            "__v": 0
        }
    ]
}