{
    "status": "success",
    "message": "",
    "data": [
        {
            "_id": "1",
            "title": "Manual Car Wash",
            "sub_title": "In publishing and graphic design of car wash",
            "description": "In publishing and graphic design of car wash",
            "image": "assets/images/img_service_4.png",
            "bg_card_color": "#FF3868",
            "branch": [
                {
                    "_id": "1",
                    "name": "Al Dana Station 1",
                    "location": "Ras Al Khaimah",
                    "latitude": 8.5908657,
                    "longitude": 76.8505975,
                    "image": "assets/images/img_branch_1.png",
                    "rating": 4.3,
                    "distance": "6 Km"
                },
                {
                    "_id": "2",
                    "name": "Al Dana Station 2",
                    "location": "Ras Al Khaimah",
                    "latitude": 8.5714731,
                    "longitude": 76.8979696,
                    "image": "assets/images/img_branch_1.png",
                    "rating": 4.2,
                    "distance": "8 Km"
                },
                {
                    "_id": "3",
                    "name": "Al Dana Station 3",
                    "location": "Ras Al Khaimah",
                    "latitude": 8.5678277,
                    "longitude": 76.8929361,
                    "image": "assets/images/img_branch_1.png",
                    "rating": 4.1,
                    "distance": "12 Km"
                }
            ],
            "price": 33.23,
            "works": [
                {
                    "_id": "1",
                    "title": "washing",
                    "sub_title": "string",
                    "description": "string",
                    "price": 123.3,
                    "is_item_change": true,
                    "categoy_id": "string"
                },
                {
                    "_id": "2",
                    "title": "soaping",
                    "sub_title": "string",
                    "description": "string",
                    "price": 123.3,
                    "is_item_change": true,
                    "categoy_id": "string"
                },
                {
                    "_id": "3",
                    "title": "washing after soaping",
                    "sub_title": "string",
                    "description": "string",
                    "price": 123.3,
                    "is_item_change": true,
                    "categoy_id": "string"
                },
                {
                    "_id": "4",
                    "title": "draining",
                    "sub_title": "string",
                    "description": "string",
                    "price": 123.3,
                    "is_item_change": true,
                    "categoy_id": "string"
                }
            ],
            "spare_category": {
                "_id": "1",
                "name": "Battery",
                "spare": [
                    {
                        "_id": "1",
                        "category_id": "1",
                        "name": "Exide Matrix",
                        "price": 97.4,
                        "image": "string"
                    },
                    {
                        "_id": "2",
                        "category_id": "1",
                        "name": "Optima RedTop",
                        "price": 105.4,
                        "image": "string"
                    },
                    {
                        "_id": "3",
                        "category_id": "1",
                        "name": "DieHard Platinum AGM",
                        "price": 110.4,
                        "image": "string"
                    },
                    {
                        "_id": "4",
                        "category_id": "1",
                        "name": "ACDelco Gold",
                        "price": 120.4,
                        "image": "string"
                    }
                ]
            }
        },
        {
            "_id": "2",
            "title": "Body Wash",
            "sub_title": "In publishing and graphic design of car wash",
            "description": "In publishing and graphic design of car wash",
            "image": "assets/images/img_service_4.png",
            "bg_card_color": "#FFC643",
            "branch": [
                {
                    "_id": "1",
                    "name": "Al Dana Station 1",
                    "location": "Ras Al Khaimah",
                    "latitude": 8.5908657,
                    "longitude": 76.8505975,
                    "image": "assets/images/img_branch_1.png",
                    "rating": 4.3,
                    "distance": "6 Km"
                },
                {
                    "_id": "2",
                    "name": "Al Dana Station 2",
                    "location": "Ras Al Khaimah",
                    "latitude": 8.5714731,
                    "longitude": 76.8979696,
                    "image": "assets/images/img_branch_1.png",
                    "rating": 4.2,
                    "distance": "8 Km"
                },
                {
                    "_id": "3",
                    "name": "Al Dana Station 3",
                    "location": "Ras Al Khaimah",
                    "latitude": 8.5678277,
                    "longitude": 76.8929361,
                    "image": "assets/images/img_branch_1.png",
                    "rating": 4.1,
                    "distance": "12 Km"
                }
            ],
            "price": 43.23,
            "works": [
                {
                    "_id": "1",
                    "title": "washing",
                    "sub_title": "string",
                    "description": "string",
                    "price": 123.3,
                    "is_item_change": true,
                    "categoy_id": "string"
                },
                {
                    "_id": "2",
                    "title": "soaping",
                    "sub_title": "string",
                    "description": "string",
                    "price": 123.3,
                    "is_item_change": true,
                    "categoy_id": "string"
                },
                {
                    "_id": "3",
                    "title": "washing after soaping",
                    "sub_title": "string",
                    "description": "string",
                    "price": 123.3,
                    "is_item_change": true,
                    "categoy_id": "string"
                },
                {
                    "_id": "4",
                    "title": "draining",
                    "sub_title": "string",
                    "description": "string",
                    "price": 123.3,
                    "is_item_change": true,
                    "categoy_id": "string"
                }
            ]
        },
        {
            "_id": "3",
            "title": "Steam Wash",
            "sub_title": "In publishing and graphic design of car wash",
            "description": "In publishing and graphic design of car wash",
            "image": "assets/images/img_service_4.png",
            "bg_card_color": "#06D39E",
            "branch": [
                {
                    "_id": "1",
                    "name": "Al Dana Station 1",
                    "location": "Ras Al Khaimah",
                    "latitude": 8.5908657,
                    "longitude": 76.8505975,
                    "image": "assets/images/img_branch_1.png",
                    "rating": 4.3,
                    "distance": "6 Km"
                },
                {
                    "_id": "2",
                    "name": "Al Dana Station 2",
                    "location": "Ras Al Khaimah",
                    "latitude": 8.5714731,
                    "longitude": 76.8979696,
                    "image": "assets/images/img_branch_1.png",
                    "rating": 4.2,
                    "distance": "8 Km"
                },
                {
                    "_id": "3",
                    "name": "Al Dana Station 3",
                    "location": "Ras Al Khaimah",
                    "latitude": 8.5678277,
                    "longitude": 76.8929361,
                    "image": "assets/images/img_branch_1.png",
                    "rating": 4.1,
                    "distance": "12 Km"
                }
            ],
            "price": 23.23,
            "works": [
                {
                    "_id": "1",
                    "title": "washing",
                    "sub_title": "string",
                    "description": "string",
                    "price": 123.3,
                    "is_item_change": true,
                    "categoy_id": "string"
                },
                {
                    "_id": "2",
                    "title": "soaping",
                    "sub_title": "string",
                    "description": "string",
                    "price": 123.3,
                    "is_item_change": true,
                    "categoy_id": "string"
                },
                {
                    "_id": "3",
                    "title": "washing after soaping",
                    "sub_title": "string",
                    "description": "string",
                    "price": 123.3,
                    "is_item_change": true,
                    "categoy_id": "string"
                },
                {
                    "_id": "4",
                    "title": "draining",
                    "sub_title": "string",
                    "description": "string",
                    "price": 123.3,
                    "is_item_change": true,
                    "categoy_id": "string"
                }
            ]
        },
        {
            "_id": "4",
            "title": "Interior Cleaning",
            "sub_title": "In publishing and graphic design of car wash",
            "description": "In publishing and graphic design of car wash",
            "image": "assets/images/img_service_4.png",
            "bg_card_color": "#118AB2",
            "branch": [
                {
                    "_id": "1",
                    "name": "Al Dana Station 1",
                    "location": "Ras Al Khaimah",
                    "latitude": 8.5908657,
                    "longitude": 76.8505975,
                    "image": "assets/images/img_branch_1.png",
                    "rating": 4.3,
                    "distance": "6 Km"
                },
                {
                    "_id": "2",
                    "name": "Al Dana Station 2",
                    "location": "Ras Al Khaimah",
                    "latitude": 8.5714731,
                    "longitude": 76.8979696,
                    "image": "assets/images/img_branch_1.png",
                    "rating": 4.2,
                    "distance": "8 Km"
                },
                {
                    "_id": "3",
                    "name": "Al Dana Station 3",
                    "location": "Ras Al Khaimah",
                    "latitude": 8.5678277,
                    "longitude": 76.8929361,
                    "image": "assets/images/img_branch_1.png",
                    "rating": 4.1,
                    "distance": "12 Km"
                }
            ],
            "price": 34.23,
            "works": [
                {
                    "_id": "1",
                    "title": "washing",
                    "sub_title": "string",
                    "description": "string",
                    "price": 123.3,
                    "is_item_change": true,
                    "categoy_id": "string"
                },
                {
                    "_id": "2",
                    "title": "soaping",
                    "sub_title": "string",
                    "description": "string",
                    "price": 123.3,
                    "is_item_change": true,
                    "categoy_id": "string"
                },
                {
                    "_id": "3",
                    "title": "washing after soaping",
                    "sub_title": "string",
                    "description": "string",
                    "price": 123.3,
                    "is_item_change": true,
                    "categoy_id": "string"
                },
                {
                    "_id": "4",
                    "title": "draining",
                    "sub_title": "string",
                    "description": "string",
                    "price": 123.3,
                    "is_item_change": true,
                    "categoy_id": "string"
                }
            ]
        },
        {
            "_id": "5",
            "title": "Service Title 5",
            "sub_title": "In publishing and graphic design of car wash",
            "description": "In publishing and graphic design of car wash",
            "image": "assets/images/img_service_4.png",
            "bg_card_color": "#118AB2",
            "branch": [
                {
                    "_id": "1",
                    "name": "Al Dana Station 1",
                    "location": "Ras Al Khaimah",
                    "latitude": 8.5908657,
                    "longitude": 76.8505975,
                    "image": "assets/images/img_branch_1.png",
                    "rating": 4.3,
                    "distance": "6 Km"
                },
                {
                    "_id": "2",
                    "name": "Al Dana Station 2",
                    "location": "Ras Al Khaimah",
                    "latitude": 8.5714731,
                    "longitude": 76.8979696,
                    "image": "assets/images/img_branch_1.png",
                    "rating": 4.2,
                    "distance": "8 Km"
                },
                {
                    "_id": "3",
                    "name": "Al Dana Station 3",
                    "location": "Ras Al Khaimah",
                    "latitude": 8.5678277,
                    "longitude": 76.8929361,
                    "image": "assets/images/img_branch_1.png",
                    "rating": 4.1,
                    "distance": "12 Km"
                }
            ],
            "price": 38.23,
            "works": [
                {
                    "_id": "1",
                    "title": "washing",
                    "sub_title": "string",
                    "description": "string",
                    "price": 123.3,
                    "is_item_change": true,
                    "categoy_id": "string"
                },
                {
                    "_id": "2",
                    "title": "soaping",
                    "sub_title": "string",
                    "description": "string",
                    "price": 123.3,
                    "is_item_change": true,
                    "categoy_id": "string"
                },
                {
                    "_id": "3",
                    "title": "washing after soaping",
                    "sub_title": "string",
                    "description": "string",
                    "price": 123.3,
                    "is_item_change": true,
                    "categoy_id": "string"
                },
                {
                    "_id": "4",
                    "title": "draining",
                    "sub_title": "string",
                    "description": "string",
                    "price": 123.3,
                    "is_item_change": true,
                    "categoy_id": "string"
                }
            ]
        },
        {
            "_id": "6",
            "title": "Service Title 6",
            "sub_title": "In publishing and graphic design of car wash",
            "description": "In publishing and graphic design of car wash",
            "image": "assets/images/img_service_4.png",
            "bg_card_color": "#FF3868",
            "branch": [
                {
                    "_id": "1",
                    "name": "Al Dana Station 1",
                    "location": "Ras Al Khaimah",
                    "latitude": 8.5908657,
                    "longitude": 76.8505975,
                    "image": "assets/images/img_branch_1.png",
                    "rating": 4.3,
                    "distance": "6 Km"
                },
                {
                    "_id": "2",
                    "name": "Al Dana Station 2",
                    "location": "Ras Al Khaimah",
                    "latitude": 8.5714731,
                    "longitude": 76.8979696,
                    "image": "assets/images/img_branch_1.png",
                    "rating": 4.2,
                    "distance": "8 Km"
                },
                {
                    "_id": "3",
                    "name": "Al Dana Station 3",
                    "location": "Ras Al Khaimah",
                    "latitude": 8.5678277,
                    "longitude": 76.8929361,
                    "image": "assets/images/img_branch_1.png",
                    "rating": 4.1,
                    "distance": "12 Km"
                }
            ],
            "price": 43.23,
            "works": [
                {
                    "_id": "1",
                    "title": "washing",
                    "sub_title": "string",
                    "description": "string",
                    "price": 123.3,
                    "is_item_change": true,
                    "categoy_id": "string"
                },
                {
                    "_id": "2",
                    "title": "soaping",
                    "sub_title": "string",
                    "description": "string",
                    "price": 123.3,
                    "is_item_change": true,
                    "categoy_id": "string"
                },
                {
                    "_id": "3",
                    "title": "washing after soaping",
                    "sub_title": "string",
                    "description": "string",
                    "price": 123.3,
                    "is_item_change": true,
                    "categoy_id": "string"
                },
                {
                    "_id": "4",
                    "title": "draining",
                    "sub_title": "string",
                    "description": "string",
                    "price": 123.3,
                    "is_item_change": true,
                    "categoy_id": "string"
                }
            ]
        },
        {
            "_id": "7",
            "title": "Service Title 7",
            "sub_title": "In publishing and graphic design of car wash",
            "description": "In publishing and graphic design of car wash",
            "image": "assets/images/img_service_4.png",
            "bg_card_color": "#FFC643",
            "branch": [
                {
                    "_id": "1",
                    "name": "Al Dana Station 1",
                    "location": "Ras Al Khaimah",
                    "latitude": 8.5908657,
                    "longitude": 76.8505975,
                    "image": "assets/images/img_branch_1.png",
                    "rating": 4.3,
                    "distance": "6 Km"
                },
                {
                    "_id": "2",
                    "name": "Al Dana Station 2",
                    "location": "Ras Al Khaimah",
                    "latitude": 8.5714731,
                    "longitude": 76.8979696,
                    "image": "assets/images/img_branch_1.png",
                    "rating": 4.2,
                    "distance": "8 Km"
                },
                {
                    "_id": "3",
                    "name": "Al Dana Station 3",
                    "location": "Ras Al Khaimah",
                    "latitude": 8.5678277,
                    "longitude": 76.8929361,
                    "image": "assets/images/img_branch_1.png",
                    "rating": 4.1,
                    "distance": "12 Km"
                }
            ],
            "price": 54.23,
            "works": [
                {
                    "_id": "1",
                    "title": "washing",
                    "sub_title": "string",
                    "description": "string",
                    "price": 123.3,
                    "is_item_change": true,
                    "categoy_id": "string"
                },
                {
                    "_id": "2",
                    "title": "soaping",
                    "sub_title": "string",
                    "description": "string",
                    "price": 123.3,
                    "is_item_change": true,
                    "categoy_id": "string"
                },
                {
                    "_id": "3",
                    "title": "washing after soaping",
                    "sub_title": "string",
                    "description": "string",
                    "price": 123.3,
                    "is_item_change": true,
                    "categoy_id": "string"
                },
                {
                    "_id": "4",
                    "title": "draining",
                    "sub_title": "string",
                    "description": "string",
                    "price": 123.3,
                    "is_item_change": true,
                    "categoy_id": "string"
                }
            ]
        },
        {
            "_id": "8",
            "title": "Service Title 8",
            "sub_title": "In publishing and graphic design of car wash",
            "description": "In publishing and graphic design of car wash",
            "image": "assets/images/img_service_4.png",
            "bg_card_color": "#118AB2",
            "branch": [
                {
                    "_id": "1",
                    "name": "Al Dana Station 1",
                    "location": "Ras Al Khaimah",
                    "latitude": 8.5908657,
                    "longitude": 76.8505975,
                    "image": "assets/images/img_branch_1.png",
                    "rating": 4.3,
                    "distance": "6 Km"
                },
                {
                    "_id": "2",
                    "name": "Al Dana Station 2",
                    "location": "Ras Al Khaimah",
                    "latitude": 8.5714731,
                    "longitude": 76.8979696,
                    "image": "assets/images/img_branch_1.png",
                    "rating": 4.2,
                    "distance": "8 Km"
                },
                {
                    "_id": "3",
                    "name": "Al Dana Station 3",
                    "location": "Ras Al Khaimah",
                    "latitude": 8.5678277,
                    "longitude": 76.8929361,
                    "image": "assets/images/img_branch_1.png",
                    "rating": 4.1,
                    "distance": "12 Km"
                }
            ],
            "price": 37.23,
            "works": [
                {
                    "_id": "1",
                    "title": "washing",
                    "sub_title": "string",
                    "description": "string",
                    "price": 123.3,
                    "is_item_change": true,
                    "categoy_id": "string"
                },
                {
                    "_id": "2",
                    "title": "soaping",
                    "sub_title": "string",
                    "description": "string",
                    "price": 123.3,
                    "is_item_change": true,
                    "categoy_id": "string"
                },
                {
                    "_id": "3",
                    "title": "washing after soaping",
                    "sub_title": "string",
                    "description": "string",
                    "price": 123.3,
                    "is_item_change": true,
                    "categoy_id": "string"
                },
                {
                    "_id": "4",
                    "title": "draining",
                    "sub_title": "string",
                    "description": "string",
                    "price": 123.3,
                    "is_item_change": true,
                    "categoy_id": "string"
                }
            ]
        }
    ]
}