{
    "status": "success",
    "message": "",
    "data": [
        {
            "_id": "1",
            "title": "DOORSTEP",
            "description": "In publishing and graphic design of car wash",
            "bg_card_color": "#FF3868"
        },
        {
            "_id": "2",
            "title": "DRIVE-THRU",
            "description": "In publishing and graphic design of car wash",
            "bg_card_color": "#06D39E"
        },
        {
            "_id": "3",
            "title": "PICK UP & DROP",
            "description": "In publishing and graphic design of car wash",
            "bg_card_color": "#118AB2"
        }
    ]
}