{
    "status": "success",
    "message": "",
    "data": [
        {
            "_id": "1",
            "name": "Peter Park",
            "mobile": 918281978039,
            "email": "amalmohanan655@gmail.com",
            "image": "",
            "scope": "admin",
            "status": true
        },
        {
            "_id": "1",
            "name": "Harps Joseph",
            "mobile": 918281978039,
            "email": "amalmohanan655@gmail.com",
            "image": "",
            "scope": "manager",
            "status": true
        },
        {
            "_id": "2",
            "name": "Henry Mark",
            "mobile": 918281978039,
            "email": "amalmohanan655@gmail.com",
            "image": "",
            "scope": "manager",
            "status": true
        },
        {
            "_id": "3",
            "name": "Mark John",
            "mobile": 918281978039,
            "email": "amalmohanan655@gmail.com",
            "image": "",
            "scope": "manager",
            "status": true
        },
        {
            "_id": "4",
            "name": "Joseph Mathew",
            "mobile": 918281978039,
            "email": "amalmohanan655@gmail.com",
            "image": "",
            "scope": "manager",
            "status": true
        },
        {
            "_id": "1",
            "name": "Harps Joseph",
            "mobile": 918281978039,
            "email": "amalmohanan655@gmail.com",
            "image": "",
            "scope": "technician",
            "status": true
        },
        {
            "_id": "2",
            "name": "Henry Mark",
            "mobile": 918281978039,
            "email": "amalmohanan655@gmail.com",
            "image": "",
            "scope": "technician",
            "status": true
        },
        {
            "_id": "3",
            "name": "Mark John",
            "mobile": 918281978039,
            "email": "amalmohanan655@gmail.com",
            "image": "",
            "scope": "technician",
            "status": true
        },
        {
            "_id": "4",
            "name": "Joseph Mathew",
            "mobile": 918281978039,
            "email": "amalmohanan655@gmail.com",
            "image": "",
            "scope": "technician",
            "status": true
        },
        {
            "_id": "1",
            "name": "Harps Joseph",
            "mobile": 918281978039,
            "email": "amalmohanan655@gmail.com",
            "image": "",
            "scope": "customer",
            "status": true
        },
        {
            "_id": "2",
            "name": "Henry Mark",
            "mobile": 918281978039,
            "email": "amalmohanan655@gmail.com",
            "image": "",
            "scope": "customer",
            "status": true
        },
        {
            "_id": "3",
            "name": "Mark John",
            "mobile": 918281978039,
            "email": "amalmohanan655@gmail.com",
            "image": "",
            "scope": "customer",
            "status": true
        },
        {
            "_id": "4",
            "name": "Joseph Mathew",
            "mobile": 918281978039,
            "email": "amalmohanan655@gmail.com",
            "image": "",
            "scope": "customer",
            "status": true
        }
    ]
}