{
    "status": "success",
    "message": "",
    "data": [
        {
            "_id": "1",
            "brand": {
                "_id": "1",
                "name": "Abarth",
                "image": "assets/images/img_brand_1.png",
                "variant": [
                    {
                        "_id": "1",
                        "name": "Model X"
                    },
                    {
                        "_id": "2",
                        "name": "Model Y"
                    },
                    {
                        "_id": "3",
                        "name": "Model Z"
                    }
                ]
            },
            "variant": {
                "_id": "string",
                "name": "Model X"
            },
            "year": {
                "_id": "6",
                "name": "2015"
            },
            "color": {
                "_id": "8",
                "name": "Blue",
                "code": "#3C8AFF"
            },
            "plate_code": "string",
            "plate_number": "string",
            "image": "assets/images/img_brand_1.png"
        },
        {
            "_id": "2",
            "brand": {
                "_id": "string",
                "name": "Alfa Romeo",
                "image": "assets/images/img_brand_2.png",
                "variant": [
                    {
                        "_id": "1",
                        "name": "Model X"
                    },
                    {
                        "_id": "2",
                        "name": "Model Y"
                    },
                    {
                        "_id": "3",
                        "name": "Model Z"
                    }
                ]
            },
            "variant": {
                "_id": "string",
                "name": "Model X"
            },
            "year": {
                "_id": "6",
                "name": "2018"
            },
            "color": {
                "_id": "8",
                "name": "Blue",
                "code": "#3C8AFF"
            },
            "plate_code": "string",
            "plate_number": "string",
            "image": "assets/images/img_brand_2.png"
        }
    ]
}