{
    "status": "success",
    "message": "",
    "data": [
        {
            "_id": "1",
            "title": "test work 1",
            "sub_title": "string",
            "description": "string",
            "price": 123.3,
            "is_item_change": true,
            "categoy_id": "string"
        },
        {
            "_id": "2",
            "title": "test work 2",
            "sub_title": "string",
            "description": "string",
            "price": 123.3,
            "is_item_change": true,
            "categoy_id": "string"
        },
        {
            "_id": "3",
            "title": "test work 3",
            "sub_title": "string",
            "description": "string",
            "price": 123.3,
            "is_item_change": true,
            "categoy_id": "string"
        },
        {
            "_id": "4",
            "title": "test work 4",
            "sub_title": "string",
            "description": "string",
            "price": 123.3,
            "is_item_change": true,
            "categoy_id": "string"
        }
    ]
}