{
    "status": "success",
    "message": "",
    "data": [
        {
            "_id": "1",
            "name": "2010"
        },
        {
            "_id": "2",
            "name": "2011"
        },
        {
            "_id": "3",
            "name": "2012"
        },
        {
            "_id": "4",
            "name": "2013"
        },
        {
            "_id": "5",
            "name": "2014"
        },
        {
            "_id": "6",
            "name": "2015"
        },
        {
            "_id": "7",
            "name": "2016"
        }

    ]
}